scene,sample_id,object_id,object_name,gt_distance_m,x1,y1,x2,y2,zed_median_m,zed_mean_m,da3_mono_median_m,da3_mono_mean_m,da3_multiview_median_m,da3_multiview_mean_m,zed_abs_error_m,da3_mono_abs_error_m,da3_multiview_abs_error_m,winner_abs_error,notes
scene_00_tests,sample_000003,obj_001,cbotella,0.24,476,208,549,264,0.23208020627498627,0.23093049228191376,0.35655638575553894,0.35909023880958557,nan,nan,0.007919793725013724,0.11655638575553895,nan,zed,
scene_00_tests,sample_000003,obj_002,boton_amarillo_mando,0.45,362,322,380,338,0.4400428533554077,0.4412413537502289,0.6720304489135742,0.674073338508606,nan,nan,0.009957146644592296,0.2220304489135742,nan,zed,muy aproximadamente
scene_00_tests,sample_000003,obj_003,monitor,0.78,368,199,429,260,1.079982876777649,1.0870054960250854,0.9286863207817078,0.9284292459487915,nan,nan,0.2999828767776489,0.14868632078170774,nan,da3_mono,
scene_00_tests,sample_000003,obj_004,sillanegra,1.06,89,251,183,333,0.9752193689346313,0.9733869433403015,1.3028777837753296,1.3065451383590698,nan,nan,0.0847806310653687,0.24287778377532954,nan,zed,muy aprox
scene_00_tests,sample_000003,obj_005,caja,1.42,300,201,346,261,1.2845935821533203,1.2840825319290161,2.2292799949645996,2.2331111431121826,nan,nan,0.13540641784667962,0.8092799949645997,nan,zed,
scene_00_tests,sample_000003,obj_006,puertapared,2.5,262,41,356,172,2.457075357437134,2.4535725116729736,3.161499500274658,3.1790313720703125,nan,nan,0.04292464256286621,0.6614995002746582,nan,zed,
