scene,sample_id,sample_exists,object_id,object_name,gt_distance_m,x1,y1,x2,y2,notes,zed_median_m,zed_mean_m,zed_abs_error_m,zed_rel_error,zed_valid_ratio,da3_mono_median_m,da3_mono_mean_m,da3_mono_abs_error_m,da3_mono_rel_error,da3_mono_valid_ratio,da3_multiview_median_m,da3_multiview_mean_m,da3_multiview_abs_error_m,da3_multiview_rel_error,da3_multiview_valid_ratio,winner_recomputed
scene_00_tests,sample_000003,True,obj_001,cbotella,0.24,476,208,549,264,,0.23208020627498627,0.23093049228191376,0.007919793725013724,0.03299914052089052,0.7189334637964775,0.35655638575553894,0.35909023880958557,0.11655638575553895,0.48565160731474566,1.0,,,,,,zed
scene_00_tests,sample_000003,True,obj_002,boton_amarillo_mando,0.45,362,322,380,338,muy aproximadamente,0.4400428533554077,0.4412413537502289,0.009957146644592296,0.022126992543538435,0.6909722222222222,0.6720304489135742,0.674073338508606,0.2220304489135742,0.4934009975857204,1.0,,,,,,zed
scene_00_tests,sample_000003,True,obj_003,monitor,0.78,368,199,429,260,,1.079982876777649,1.0870054960250854,0.2999828767776489,0.3845934317662165,0.06100510615425961,0.9286863207817078,0.9284292459487915,0.14868632078170774,0.19062348818167657,1.0,,,,,,da3_mono
scene_00_tests,sample_000003,True,obj_004,sillanegra,1.06,89,251,183,333,muy aprox,0.9752193689346313,0.9733869433403015,0.0847806310653687,0.07998172742015915,1.0,1.3028777837753296,1.3065451383590698,0.24287778377532954,0.2291299846937071,1.0,,,,,,zed
scene_00_tests,sample_000003,True,obj_005,caja,1.42,300,201,346,261,,1.2845935821533203,1.2840825319290161,0.13540641784667962,0.0953566322863941,1.0,2.2292799949645996,2.2331111431121826,0.8092799949645997,0.5699154894116899,1.0,,,,,,zed
scene_00_tests,sample_000003,True,obj_006,puertapared,2.5,262,41,356,172,,2.457075357437134,2.4535725116729736,0.04292464256286621,0.017169857025146486,1.0,3.161499500274658,3.1790313720703125,0.6614995002746582,0.2645998001098633,1.0,,,,,,zed
