method,n,mean_pred_m,mean_abs_error_m,median_abs_error_m,max_abs_error_m,mean_rel_error,median_rel_error,mean_valid_ratio
da3_mono,6,1.441821739077568,0.36682173907756804,0.23245411634445187,0.8092799949645997,0.3722202278829005,0.37512570371230447,1.0
zed,6,1.0781657074888547,0.09682858477036156,0.06385263681411746,0.2999828767776489,0.10537129692705753,0.056490433970524834,0.7451517986954932
