sample_id,method,valid_px,total_px,joint_valid_ratio,zed_valid_ratio,method_valid_ratio,zed_median_m,method_median_m,median_scale_to_zed,raw_rmse,raw_mae,raw_median_abs,raw_bias,raw_abs_rel,raw_sq_rel,raw_rmse_log,raw_log10,raw_silog,raw_delta1,raw_delta2,raw_delta3,pair_mae,pair_rmse,pair_mean_rel_to_a,pair_symmetric_rel,pair_median_scale_b_over_a,pair_corr,pair_grad_mae,scaled_rmse,scaled_mae,scaled_median_abs,scaled_bias,scaled_abs_rel,scaled_sq_rel,scaled_rmse_log,scaled_log10,scaled_silog,scaled_delta1,scaled_delta2,scaled_delta3
sample_000003,da3_mono,201845,230400,0.8760633680555555,0.8760633680555555,1.0,1.8577083349227905,2.200054407119751,0.6705359042251078,0.7406195110512737,0.5952654603469977,0.6147983074188232,0.36102031178637906,0.36413106662900013,0.22333170174031633,0.33392008969979053,0.13594707759502517,21.667964718366687,0.13577745299611088,0.8390200401298026,0.9968738388367312,0.5952654603469977,0.7406195110512737,0.36413106662900013,0.3094163145491282,1.4913444510561016,0.8406257038074748,,0.7806528180580667,0.37693371862891395,0.2112603783607483,-0.3526645211666847,0.15147653716853893,0.13684863430436098,0.26105783173960134,0.07700801599933582,21.667964717988404,0.8538432955981075,0.914820778319998,0.9474448215214645
