scene,sample_id,object_id,object_name,method,zed_median_m,method_median_m,diff_m,abs_diff_m,rel_abs_diff_to_zed,ratio_method_over_zed,zed_valid_ratio,method_valid_ratio,gt_distance_m,notes
scene_00_tests,sample_000003,obj_001,cbotella,da3_mono,0.23208020627498627,0.35655638575553894,0.12447617948055267,0.12447617948055267,0.5363498312866193,1.5363498312866193,0.7189334637964775,1.0,0.24,
scene_00_tests,sample_000003,obj_002,boton_amarillo_mando,da3_mono,0.4400428533554077,0.6720304489135742,0.2319875955581665,0.2319875955581665,0.5271931899114334,1.5271931899114335,0.6909722222222222,1.0,0.45,muy aproximadamente
scene_00_tests,sample_000003,obj_003,monitor,da3_mono,1.079982876777649,0.9286863207817078,-0.15129655599594116,0.15129655599594116,0.14009162482961357,0.8599083751703864,0.06100510615425961,1.0,0.78,
scene_00_tests,sample_000003,obj_004,sillanegra,da3_mono,0.9752193689346313,1.3028777837753296,0.32765841484069824,0.32765841484069824,0.3359843182756362,1.3359843182756361,1.0,1.0,1.06,muy aprox
scene_00_tests,sample_000003,obj_005,caja,da3_mono,1.2845935821533203,2.2292799949645996,0.9446864128112793,0.9446864128112793,0.7353971138698465,1.7353971138698465,1.0,1.0,1.42,
scene_00_tests,sample_000003,obj_006,puertapared,da3_mono,2.457075357437134,3.161499500274658,0.7044241428375244,0.7044241428375244,0.28669211984294934,1.2866921198429493,1.0,1.0,2.5,
